{
 "scenario": "s5",
 "label": "postfix",
 "seed": 42,
 "f1": true,
 "f2": true,
 "f3": true,
 "c_gate": 1,
 "kappa": 0.7,
 "n": 901,
 "windows": 17280,
 "solve_every": 2,
 "solves": 5748,
 "events": 0,
 "quiet_solves": 5748,
 "quiet_events": 0,
 "quiet_events_per_day": 0,
 "quiet_mean_support": 4.663709116214336,
 "quiet_mean_resid": 8.278468260175968,
 "quiet_mean_gate": 7.385098764747424,
 "sigma_hat_last": 0.24273911079323005,
 "storm_windows": 0,
 "storm_duty": 0,
 "drift_flags": 0,
 "drift_false": 0,
 "c_persist": 0,
 "frozen_max": 0,
 "frozen_at_end": 0,
 "routed_has_target": false,
 "bursts": null,
 "bytes": {
  "dumb_k15": 108645040,
  "dumb_k30": 54329313,
  "dumb_routed": 28252671,
  "gorilla_10s": 21329913,
  "pal_golden": 21043872,
  "pal_kdelta": 6119814,
  "pal_residual": 29923200,
  "pal_total": 57086886
 },
 "bytes_per_day": {
  "dumb_k15": 54322520,
  "dumb_k30": 27164656.5,
  "dumb_routed": 14126335.5,
  "gorilla_10s": 10664956.5,
  "pal_golden": 10521936,
  "pal_kdelta": 3059907,
  "pal_residual": 14961600,
  "pal_total": 28543443
 }
}