{
 "scenario": "s5",
 "label": "prefix",
 "seed": 41,
 "f1": false,
 "f2": false,
 "f3": false,
 "c_gate": 0,
 "kappa": 0,
 "n": 901,
 "windows": 17280,
 "solve_every": 2,
 "solves": 5748,
 "events": 5415,
 "quiet_solves": 5748,
 "quiet_events": 5415,
 "quiet_events_per_day": 5415,
 "quiet_mean_support": 165.26878914405012,
 "quiet_mean_resid": 4.766973415477168,
 "quiet_mean_gate": 5,
 "sigma_hat_last": 0.251454709180324,
 "storm_windows": 0,
 "storm_duty": 0,
 "drift_flags": 0,
 "drift_false": 0,
 "c_persist": 0,
 "frozen_max": 0,
 "frozen_at_end": 0,
 "routed_has_target": false,
 "bursts": null,
 "bytes": {
  "dumb_k15": 108660637,
  "dumb_k30": 54332774,
  "dumb_routed": 28251627,
  "gorilla_10s": 21329913,
  "pal_golden": 21043872,
  "pal_kdelta": 6118770,
  "pal_residual": 29923200,
  "pal_total": 57085842
 },
 "bytes_per_day": {
  "dumb_k15": 54330318.5,
  "dumb_k30": 27166387,
  "dumb_routed": 14125813.5,
  "gorilla_10s": 10664956.5,
  "pal_golden": 10521936,
  "pal_kdelta": 3059385,
  "pal_residual": 14961600,
  "pal_total": 28542921
 }
}