{
 "scenario": "s5",
 "label": "postfix",
 "seed": 41,
 "f1": true,
 "f2": true,
 "f3": true,
 "c_gate": 1,
 "kappa": 0.7,
 "n": 901,
 "windows": 17280,
 "solve_every": 2,
 "solves": 5748,
 "events": 1,
 "quiet_solves": 5748,
 "quiet_events": 1,
 "quiet_events_per_day": 1,
 "quiet_mean_support": 4.600904662491302,
 "quiet_mean_resid": 8.272885176442047,
 "quiet_mean_gate": 7.382265125509431,
 "sigma_hat_last": 0.251454709180324,
 "storm_windows": 0,
 "storm_duty": 0,
 "drift_flags": 0,
 "drift_false": 0,
 "c_persist": 0,
 "frozen_max": 3,
 "frozen_at_end": 0,
 "routed_has_target": false,
 "bursts": null,
 "bytes": {
  "dumb_k15": 108660637,
  "dumb_k30": 54332774,
  "dumb_routed": 28251627,
  "gorilla_10s": 21329913,
  "pal_golden": 21043872,
  "pal_kdelta": 6118770,
  "pal_residual": 29923200,
  "pal_total": 57085842
 },
 "bytes_per_day": {
  "dumb_k15": 54330318.5,
  "dumb_k30": 27166387,
  "dumb_routed": 14125813.5,
  "gorilla_10s": 10664956.5,
  "pal_golden": 10521936,
  "pal_kdelta": 3059385,
  "pal_residual": 14961600,
  "pal_total": 28542921
 }
}