{
 "scenario": "s5",
 "label": "prefix",
 "seed": 43,
 "f1": false,
 "f2": false,
 "f3": false,
 "c_gate": 0,
 "kappa": 0,
 "n": 901,
 "windows": 17280,
 "solve_every": 2,
 "solves": 5748,
 "events": 5415,
 "quiet_solves": 5748,
 "quiet_events": 5415,
 "quiet_events_per_day": 5415,
 "quiet_mean_support": 165.1320459290188,
 "quiet_mean_resid": 4.769770105062351,
 "quiet_mean_gate": 5,
 "sigma_hat_last": 0.25326223688167687,
 "storm_windows": 0,
 "storm_duty": 0,
 "drift_flags": 0,
 "drift_false": 0,
 "c_persist": 0,
 "frozen_max": 0,
 "frozen_at_end": 0,
 "routed_has_target": false,
 "bursts": null,
 "bytes": {
  "dumb_k15": 108656555,
  "dumb_k30": 54321942,
  "dumb_routed": 28259283,
  "gorilla_10s": 21329913,
  "pal_golden": 21043872,
  "pal_kdelta": 6126426,
  "pal_residual": 29923200,
  "pal_total": 57093498
 },
 "bytes_per_day": {
  "dumb_k15": 54328277.5,
  "dumb_k30": 27160971,
  "dumb_routed": 14129641.5,
  "gorilla_10s": 10664956.5,
  "pal_golden": 10521936,
  "pal_kdelta": 3063213,
  "pal_residual": 14961600,
  "pal_total": 28546749
 }
}