{
 "scenario": "s6",
 "label": "prefix",
 "seed": 42,
 "f1": false,
 "f2": false,
 "f3": false,
 "c_gate": 0,
 "kappa": 0,
 "n": 901,
 "windows": 309,
 "solve_every": 1,
 "solves": 224,
 "events": 213,
 "quiet_solves": 2,
 "quiet_events": 2,
 "quiet_events_per_day": 523.6363636363636,
 "quiet_mean_support": 165.5,
 "quiet_mean_resid": 4.803069672364089,
 "quiet_mean_gate": 5,
 "sigma_hat_last": 0.24044103274612025,
 "storm_windows": 3,
 "storm_duty": 0.01098901098901099,
 "drift_flags": 270,
 "drift_false": 0,
 "c_persist": 0.022222222222222223,
 "frozen_max": 0,
 "frozen_at_end": 0,
 "routed_has_target": true,
 "bursts": [
  {
   "magnitude": 15,
   "start_win": 39,
   "dur_win": 270,
   "targets": 270,
   "det": {
    "c": {
     "detected": true,
     "lag_sec": 30
    },
    "cs": {
     "detected": true,
     "lag_sec": 40
    },
    "k15": {
     "detected": true,
     "lag_sec": 0
    },
    "k30": {
     "detected": true,
     "lag_sec": 0
    },
    "routed": {
     "detected": true,
     "lag_sec": 10
    },
    "storm": {
     "detected": true,
     "lag_sec": 0
    }
   },
   "cs_spurious": 631,
   "c_spurious": 0
  }
 ],
 "bytes": {
  "dumb_k15": 1970024,
  "dumb_k30": 1021009,
  "dumb_routed": 566038,
  "gorilla_10s": 381420,
  "pal_fallback": 3894,
  "pal_golden": 438414,
  "pal_kdelta": 108151,
  "pal_residual": 527812,
  "pal_total": 1078271
 },
 "bytes_per_day": {
  "dumb_k15": 55084166.21359224,
  "dumb_k30": 28548601.165048547,
  "dumb_routed": 15827081.941747574,
  "gorilla_10s": 10664947.572815534,
  "pal_fallback": 108880.77669902913,
  "pal_golden": 12258566.213592233,
  "pal_kdelta": 3024027.9611650486,
  "pal_residual": 14758238.446601942,
  "pal_total": 30149713.398058254
 }
}